Name, Date,EW Mg 1.48 microns (Angstroms),EW Mg 1.50,EW Mg 1.57,EW Al 1.67,EW Al-a 1.67,EW Al-b 1.67,EW Mg 1.71,EW Na 2.21,EW Ca 2.26, Radial Velocity (km/s), RA (degrees), DEC (degrees)
J14341683-1231106,20110322,0.7466770961437578,2.1474053378284745,1.0483006081318893,2.3562326994488414,0.987233305706233,1.392388703834375,1.7646006595522457,6.2391350863240405,3.920368339057751,-3.520988055626182 ,218.7200075,-12.564591
J06521804-0511241,20110322,1.1254936673782066,3.703469531153034,2.1221932134714705,2.2609823419179875,1.1094312929168997,1.2533160724948138,2.199196423755607,4.802830351299037,3.6338235447820555,3.7877634883254183 ,103.2109263,-5.202007
J09424635-6853060,20110322,0.2346714380400342,1.7039075272621722,0.5701711424058951,0.7636275553933953,0.3325424455207239,0.48715988869796134,-0.15117406214401882,6.081572178515051,2.606207280122261,52.52226136248801 ,145.7361798,-68.933828
J08124088-2133056,20110322,0.07027498185516778,2.975303300773084,1.138470822580708,1.473184922865733,0.6702161852599102,0.8587786105871731,1.048962138884416,6.987530083536143,0.28229167711392367,30.697550321816166 ,123.2914264,-21.5872846
J06171064+0507024,20110322,1.033712260166349,2.783347043950127,1.7889713341496227,2.584059531704342,1.1311730563965325,1.4655209456141685,1.5314044991439848,4.190661915593017,2.9121449697255035,14.194434144772936 ,94.4428264,5.1158537
J12404633-4333595,20110322,0.5494957583042401,3.082698654063208,0.8284636111115303,1.0858260596790177,0.5615479769274632,0.5687088235973992,-0.006052515927471469,4.119053102814892,2.187523419907392,-22.29534757866608 ,190.3421797,-43.6270176
J10442131-6112384,20110322,0.13516748162251943,1.6769940607957003,-0.0913159206267903,-0.26599148568964726,0.0798202503240241,-0.2821869716103134,-0.7334402657688903,2.8247460677561915,0.823894826228652,174.17731888357162 ,161.1877905,-61.2641063
J15192689-0743200,20110322,0.7876388897967082,2.3639548193265103,1.4760501847507563,2.2466909049709853,1.025158043064973,1.2553860527905083,2.0787066349573093,4.6718867416081755,3.7815932540267005,-3.1292829124241974 ,230.007954,-7.7608724
J08490225+0329470,20110322,0.5601597939338516,2.696190195460821,1.0035553682285552,1.4032765880653286,0.7104036128978679,0.7509619044788904,0.6188497887305275,5.25211851872576,2.9865467048483407,28.042037161309793 ,132.4066374,3.4564911
J16552527-0819207,20110322,0.6864899317740689,1.7343087612760877,0.7888937407366927,1.8710245942179546,0.884838562013212,1.0131010313383169,1.3826863361941535,4.096016506602314,2.524391305381488,26.123045348454074 ,254.0058301,-8.3406795
J16274671-0104153,20110322,1.2801673334472592,3.146301144004466,2.115441080860325,2.884586642205848,1.363783551352183,1.5284590708369514,2.3327648775663317,2.510566371308194,2.428550596483042,-147.09038644954046 ,247.0900423,-1.0941381
J17370367-4419088,20110322,-0.6402066604257879,-0.9526936818293243,-0.13756218394132474,-0.299800133780057,-0.3481426168666993,0.09784296284454708,0.24440822757391772,3.1311563156079183,-1.5148938461133796,-939.4930214653144 ,264.465339,-44.3298575
J12384914-3822527,20110322,-0.19397718936395894,2.1693971722556262,0.3534478354570606,0.4132702600573399,0.36529289236043183,0.1389017487323384,0.2933378824118048,3.4234970325155336,2.0847472066596007,36.460591107208764 ,189.853911,-38.4484712
J10442131-6112385,20110322,0.9627800600053815,2.652005160589035,0.6995910175042483,1.7203489393620575,0.9477077949651389,0.7723817611934338,0.6154805759170298,4.018704896522435,2.3067737791175986,5.014142862463605 ,161.7712234,-24.6429153
J14294291-6240465,20110322,0.3251473400342544,-0.47320625778818376,-0.3939634472349788,0.006790887756203838,-0.0059803214539358995,0.041203150670031004,0.5176096382706419,5.836348446034423,2.0600198813653785,4.579999329394121 ,217.6166111,-62.728688
J10463327-2435111,20110322,0.9614343920927573,2.8694048191934933,0.7373242710177776,1.568667059071027,0.8550401413228195,0.7196322021102836,0.35882370753999826,4.017863075518434,2.3059089082039153,5.029953653639005 ,161.7712234,-24.6429153
J14264583-0510194,20110322,0.8260491764483621,2.453034371959168,1.6011693233676225,2.8002968282211573,1.2117967415550193,1.5888138021913851,1.7447058750178512,7.908765044160404,4.138645416698713,-20.273943779436163 ,216.8388562,-5.2211489
J05581716-0438012,20110322,0.34702723205447467,1.477933074307235,0.8150022517247457,2.3087065740192556,1.0042623372658173,1.2835353730743326,0.794455919910563,4.226345613983019,2.315251613578293,166.210028145506 ,89.7100625,-4.6318305
J12095813-4611323,20110322,0.6395258411746243,3.4123015153631906,1.6087911974529256,2.697788749092002,1.2282431074337101,1.4780492119397717,1.1807307474103326,6.114047315386072,4.064625525854158,1.6465284699082134 ,182.635287,-46.2559827
J10481258-1120082,20110322,-0.10384164695353665,1.3842609300679904,-0.5739116264228304,-0.9131338965646197,-0.3701737834208257,-0.5246734095116099,-1.6071625960286329,4.3702827381469564,1.143446444043501,20.515752530201667 ,162.1940597,-11.3983909
J12485345+1204326,20110322,0.2585093309430173,2.3443463035321277,0.9543663760812341,0.8217013865173809,0.49297525330991143,0.4110042902155431,-0.028108635318921826,4.750699175088483,1.8446179843612138,27.400143764006856 ,192.3658677,12.0161098
J16553529-0823401,20110323,0.5061772832328602,0.08189671544087392,0.31784068511433167,-0.1688599799980854,-0.059449171111640296,-0.1693538538507647,-0.049490018768392374,4.339240686544482,0.6458746698152931,36.1669075251284 ,254.0448666,-8.4121109
J07515465-0000117,20110323,0.4799990054538892,1.393695046323108,0.772694952571775,1.370813705283581,0.7064950676095634,0.7014511933196559,1.2294032428856954,4.725332208797997,2.6822167658279974,45.65204247406894 ,118.1201043,-0.0341483
J16570570-0420559,20110323,0.8761874422182723,1.8191595719320452,1.7928696374415596,1.7041369361965755,0.7620876387147784,0.9568948910514177,1.5217421568802978,4.918865328093146,3.4698740185172756,8.619725929274217 ,254.4214973,-4.3654914
J14193585-0509080,20110323,0.24915495183192976,1.4070168883879726,0.6081084662455377,1.4619510225450847,0.7081086618055873,0.7688493510268412,1.1170076220597722,4.776883454995546,2.5803353514514007,6.8772309750789775 ,215.0424489,-5.2011018
J14493338-2606205,20110323,1.3942867514232011,4.025934284437154,3.0138502522438158,3.6637497119428275,1.6464885428859946,2.0115180778892428,2.9048435837101714,3.1466342103534513,1.8654270237406172,-17.410833086059363 ,222.5495559,-26.1481035
J06334690-7537301,20110323,0.8717842439823473,2.432004980696686,1.8393068039364158,2.3652090720242795,1.0689557174371465,1.3179975820199048,1.9440358158753763,5.055886390078425,2.8156171352503945,26.476530408987376 ,98.3376011,-75.6341377
J05114046-4501051,20110323,0.8016339735007153,2.663599497400256,1.5045090031178363,0.5083773862925469,0.36193097567187754,0.23538754473198764,2.112334639752611,1.2377275110607098,1.42376559950683,258.8174832785165 ,78.0282093,-45.0262217
J16301808-1239434,20110323,0.7075802657939787,2.10639089026785,1.2635323280856645,1.8657836059336494,0.8836169567122117,1.0465245363843314,1.9791490859542638,4.4839560752922445,3.067662308853277,-8.922390974788822 ,247.7315333,-12.6876932
J06292339-0248499,20110323,0.30345339836341223,1.8624171448837423,0.9074465808157344,1.1833175353247922,0.5994954942247614,0.6321686170958902,1.347511764369583,5.441138959968139,3.4969910324607243,35.696892142344325 ,97.4871548,-2.8245908
J14115998-4132211,20110323,0.33069654603046394,0.6611146713079861,-0.10936283157576997,1.3026373542982164,0.4896623320839514,0.7158973824807797,0.1773959033366252,5.80320991543618,1.9911760857036447,0.14042799329586464 ,213.1735677,-41.5909168
J06334337-7537482,20110323,1.168565334417589,3.2525386384054658,2.5077886197796557,2.5594996685310565,1.1461583255311987,1.4616484721309457,2.5537908346437366,4.982855904669341,3.297409179219401,27.32953942936387 ,98.3232553,-75.6390945
J04152173-0739173,20110323,0.5118589319088379,1.7967265380564637,0.8968449454853589,2.0623781741557994,0.9695685103527042,1.1039519495667989,1.53201502860519,3.749521659831898,2.3289706252199185,-20.428583735496083 ,63.965503,-7.6390458
J15420677-1928167,20110323,0.7021477203061235,1.847532011414491,1.0688313194400536,2.4646080066501135,1.190415273950891,1.2670928338470384,1.6245803498508637,2.8205861543753135,1.9323736205338307,94.71359942117766 ,235.6819883,-19.5072602
J17151894+0457496,20110323,0.403745115399239,1.184304322993222,0.7014475948891485,1.7077317397019933,0.8065243294078914,0.9068372742917508,0.9737175683947332,7.103450928333069,2.9672285947956527,29.639464998665908 ,258.9675571,4.9507785
J05015746-0656459,20110323,0.5989249585895156,1.551515215345923,0.5216081624628739,1.4794783258551674,0.6686775538508933,0.8261417415314689,1.115254804711655,4.962448961026554,2.799622338398288,56.416062334463625 ,75.6195938,-6.9323039
J16193813+0258111,20110323,1.102892148610453,3.234800177946969,2.438360334597763,3.2273289887500534,1.5114159456471588,1.713146535278668,2.5503297781098415,2.956877865756318,2.2803224002297857,12.606730827594559 ,245.0482815,2.9449417
J07401922-1724449,20110323,0.3227512753485854,0.8229372072421818,-0.15139931265092882,0.2202413122548456,0.14773270589301324,0.08612679868792013,0.1237796060966462,3.762193470249091,1.058611330132561,-11.1041402710923 ,115.2074143,-17.4418179
J12245243-1814303,20110323,1.1015770031577838,2.6014309288427775,1.7407263608478682,2.412880330925894,1.105311321718047,1.3215889836079486,1.8617221422248846,2.6620865003921406,1.9254539951668002,66.13908779142427 ,186.364342,-18.3082246
J09170532-7749233,20110323,0.680040679085037,1.7435685178628555,1.1418681929217505,1.6311895982001594,0.7149688040668916,0.9525061139807918,1.430115080687665,5.521985274385996,1.9727672766085447,65.3022574488498 ,139.2330935,-77.8739621
J17463427-5719081,20110323,0.7159824384401982,2.170595663855364,1.1651761885118392,2.19615605190776,0.9680270000006066,1.245504693436002,1.7980411667610785,4.307637076363543,3.244008177755097,-24.050691995282275 ,266.8802742,-57.3274194
J06304661-7643094,20110323,0.7084410101981007,1.6156475846973113,0.18094027749292657,0.25899132354455046,0.12724560919809103,0.13184638835082324,0.37759574895829945,6.038852615096004,1.2730530694329583,30.27852663822038 ,97.5697253,-76.7267646
J11381671-7721484,20110323,0.5841528862734132,0.8517378766158628,-0.0026997726751245,-0.4391595400684142,0.058835418898641655,-0.4225526388576553,0.8377734700500765,4.274838969425151,1.7915982584089005,-7.130853193407354 ,174.6587127,-77.4254346
J04102815-5336078,20110323,0.1322420912296185,1.1271552207459365,0.3672721536298428,0.7957664251257472,0.41607414519497077,0.39701532906566644,0.6510599210453091,4.613462807758602,1.8743225139770625,15.993926057485075 ,62.6785491,-53.5833813
J03231588-4959389,20111208,2.1786970052635186,6.017294988682658,3.270139285453874,3.3699065413454194,1.56555914565969,1.8645242180076658,3.8748052088450646,3.854281958487279,3.9382720094528043,6.039006180993475 ,50.910821,-49.9510194
J02024795-4056488,20111208,1.1188466236327748,2.2936381350581776,1.2816865429078415,2.889356098374734,1.194671497851125,1.6798611250803805,1.784350539316988,6.5316455242890425,4.0351592389698245,16.0036286291146 ,30.8256704,-40.8912542
J08524084+2818589,20111208,0.7805908295189286,2.372695066400069,1.6694084854748068,1.5403485010699982,0.7507318357236037,0.8560459898016431,1.6291086539626143,7.450391405425905,4.043803726614392,34.37077655008481 ,133.3473296,28.2695068
J05461937+0112471,20111208,1.3196923660547983,4.690503322999239,3.1993271081086707,5.709580889291216,2.193205954237106,3.4161548803302013,3.2431656003835445,7.221353587255988,5.248418200182057,44.34327742517528 ,86.7321941,1.2151814
J09184142+2645526,20111208,0.35233742493282805,1.4197146262672098,0.378208722889338,1.5906276959714991,0.6059296022494378,0.9677456062722238,0.8502563724945351,7.530557793969988,3.0946750681250386,51.6555076616872 ,139.8461159,26.7124055
J04281665+0600176,20111208,0.8703297601354649,1.0881363515858524,0.4047218547362323,1.3115513246467043,-0.42873281118031364,1.6812006853754127,0.8746439115410373,4.967712004516321,1.8914249310406681,-4.661961329864378 ,67.230866,6.0290157
J09430132+2349222,20111208,1.6596090860355754,5.520645186803588,4.370584074214104,3.534980478117339,1.5179390178082326,2.082284978107396,3.817623555867661,5.059653761178488,4.532577542262413,40.72039523420448 ,145.9229032,23.7664794
J08323047-0134380,20111208,0.7701482580857587,-0.305732092103358,-0.19729876741288613,1.047147127515752,0.5959980104273759,0.3808407672857804,0.12967038028197903,5.053098181652144,1.1552906017658937,-9.562052380254626 ,128.2765406,-1.619774
J05285650+1231539,20111208,0.9202636463883479,1.7324460952169054,1.1285567338500302,2.2721410082160274,0.0589420466619164,2.0783021919158844,1.6644025461428218,5.193585666511279,3.205040339684756,21.87003206361814 ,82.4012168,12.5385746
J09184624+2645114,20111208,1.8595777106336266,5.295521899053941,2.995991639275921,8.145948102938542,3.0009452005678074,4.903092451816619,4.4118057954855985,7.148797164710231,5.596644925448977,45.89603717818344 ,139.8662627,26.7007793
J04281667+0600130,20111208,1.3751752994223536,1.9567326806192056,1.1851318506108612,2.356888861399494,0.029383083130514333,2.256090245738579,1.7962089457516515,4.632336521590179,2.8086137636909285,-5.586554346675555 ,67.2307816,6.0280436
J07301752-0340244,20111208,2.7091057516039743,7.712211066410725,5.70465487591717,4.937346961556397,2.088840697576138,2.8694071723350825,4.2384547773077035,5.553316934361522,5.474874049429783,62.88536289282788 ,112.7188818,-3.6988805
J01045368-1807292,20111208,0.1575002253687141,1.2057831182538563,1.7466733060210773,-0.14902269845823862,-1.045379637115039,1.0347283886556518,0.7582225123811207,5.677004187033084,2.2266987740477058,25.6554023780894 ,16.3735733,-18.0615768
J09425716+2351200,20111208,-0.534225818760663,0.13790469147063714,0.08467261304030295,-0.3125959548011528,-0.07318141918766707,-0.19666093674423885,0.20793933208368232,5.356762583695319,1.194172034925058,53.78108439687108 ,145.9061027,23.7995459
J02054859-3010361,20111208,0.6740738612993231,1.8571251669536804,0.9325836963469055,1.6147062578118496,0.731226216410984,0.9043362981258113,1.421386527749573,4.045318409747829,2.4576107627529016,45.7394015285458 ,31.5825366,-30.1223718
J07303040-0339337,20111208,1.4166641747032886,3.1574406759355256,2.570504764938413,1.8402407751449459,0.7370420993898132,1.1325647890854529,1.3933725793665983,1.659687452816927,1.646832463521121,51.100783461435 ,112.7260867,-3.7022771
J00152799-1608008,20111208,-0.03140954848821867,1.9259979315382676,1.4515903599351525,-2.135463573732998,-1.7179856491588714,-0.15526849177016228,1.1835626694871506,3.590153220197181,2.2606619022926076,-9.116390251801423 ,4.0180128,-16.0711472
J03355969-4430453,20111208,0.14819798655128147,0.7351055425211118,-1.1577855442795135,0.15411377594863374,0.2542378489917307,-0.042111445478936846,0.6089246617439507,4.226067709683788,1.8168049235567971,18.693907521932093 ,54.1032449,-44.4753387
J03353849-0829223,20111209,0.23988865225730643,1.2864311092812257,0.21518644609429238,0.7718804258895283,0.41505809943268396,0.3651983237532334,0.6577499456339962,5.242424124015761,2.0151292519829775,22.943350027295146 ,54.0587454,-8.4518037
J03432204-0933512,20111209,0.4775733501125229,1.1608672027516718,0.7934352826786482,2.0008675201794675,0.8595664271246515,1.1449736348353188,1.1051844153343764,7.207332628213901,3.262575555373134,50.18164184607233 ,55.9848311,-9.5260767
J01201792-0933552,20111209,0.7067464987037133,-1.0493811031867497,-1.7509684298561665,1.6792468530522993,1.0333117266326142,0.6625261643151656,0.6210447740074847,6.532334441937233,3.11758041328883,13.92158565182858 ,20.2227799,-9.5034162
J01230055-1257298,20111209,0.30442489040159265,1.1712726987604802,0.1195408662342576,3.1385849263978254,1.627827466210635,1.5428510636295039,2.23007597230057,4.837231328717632,3.241710299921939,6.210823518166369 ,28.7296255,-15.6730995
J01201776-0934041,20111209,1.4052117853774035,1.1935972414177152,0.046783969708991145,2.944525912278629,1.5356318269153832,1.4617530959182026,2.171513434674153,6.128374729688586,4.027903265597118,6.158941420712682 ,20.2221125,-9.505527
J05192293-2845357,20111209,0.6122134162579658,2.112617096357198,1.327525045416667,3.288304449380095,1.3515078324584429,1.8908726996325167,1.8084547015843058,7.148979620061931,3.953932232065578,19.301595957092673 ,79.9620741,-28.7466606
J05032009-1722245,20111209,0.7043256134910605,2.304245976623964,1.2953270172717515,2.3896237265305693,1.0464695966879918,1.3463199873252818,1.7846624501237538,4.428315215841748,3.0827290241581418,39.51355578504456 ,75.963809,-17.3578146
J00451358+0015509,20111209,0.5622639177085289,2.218671428620043,1.192869451280327,2.9192219850985626,1.303853170345712,1.5878875672441846,1.5926110323852467,5.363782424632066,3.5967197905644706,32.52389278275635 ,11.4586493,0.3294535
J02361535+0652191,20111209,0.8524715381778772,1.9273144949408265,1.5263041348620425,2.120176881951636,0.9719675798460489,1.16664697586724,1.7889340749694302,4.158833627858126,2.661889510603578,43.40521030828965 ,39.2258659,6.9276547
J01571110-1014528,20111209,2.68852650231292,5.460192303512532,3.2685231495511906,4.53454513730514,2.1334018105559496,2.466947773705799,4.238907365771244,5.276694215515924,4.684135145030435,-4.551474184277212 ,29.4395831,-10.1918034
J00313539-0552115,20111209,0.7351633539342969,2.572678037319902,1.2216746086178225,3.0726373062051744,1.3127930443109759,1.740694971125668,1.9339292780647994,4.444939831136394,3.318871304041365,6.105363510140502 ,8.0488056,-5.8075766
J01565316+0331567,20111209,0.5543154171366025,0.6192467366338228,0.247365218068589,0.3723377789279826,0.2526661866423915,0.12111824635610072,0.27148169644312203,3.6312210085151673,1.0909227202960383,33.30611355103064 ,29.3774375,3.5896786
J05192200-2845319,20111209,-0.07470262510555385,0.6693497362068233,0.0668551955518614,1.739506172063603,0.7850675080518614,0.8681451620465301,0.7306956434073639,6.842649009762388,2.9178742818196075,11.115736948425784 ,79.9583266,-28.7452952
J01565369+0332014,20111209,0.7735258943000709,2.0349949850287463,1.499592369611952,1.9240726579536997,0.9329406088287631,1.024353717260323,1.695817984977707,3.6828248287797924,2.3433001472647863,26.0099916609652 ,29.3796467,3.590844
J05310430-3011442,20111209,0.8987704701534258,2.0451121913575285,1.2174926017268397,2.768484894768178,1.1668495384894095,1.5886493686631729,1.783934674799944,4.137276767678413,3.106135527741658,-21.29645105766723 ,82.8825054,-30.1918128
J02363244-5928057,20111210,0.4851563163775846,1.295164100094362,0.6146355357204865,1.137866780450197,0.5349611238818728,0.6013266168290584,0.6192483977549713,5.6189420505214045,2.7736543780348684,31.532800416524392 ,39.223725,-59.4163875
J02111797-6313413,20111210,0.9905692609970773,2.960255614738441,1.9833872094575862,2.618869797986341,1.1357253116893924,1.4809677671327905,1.946095734098196,4.282677618665057,3.421652435240617,30.609425877053862 ,32.9044425,-63.1744134
J04210556-4839070,20111210,0.4628602923232607,1.1259605475526215,0.13038709151496902,2.092932484203757,0.7539112543044215,1.2755460577289708,0.7333308353753252,5.66852813846437,2.4008845980084286,47.60098221934859 ,65.3604159,-48.626422
J00563021-0425153,20111210,0.8489619677683153,2.0097665343527202,2.2112307655117576,1.35981667327699,-0.5744427217690875,1.8579824527825684,1.363020997574901,5.813865462180697,3.1285606910547004,22.218151229277648 ,14.2759903,-4.3573661
J02395066-3407557,20111210,0.7978356496222192,2.6747937013072436,1.615308693814087,3.4115872154109135,1.4786341763727506,1.8845757794624882,1.9681521479243507,3.0711881516279873,2.46749841593556,17.427915719858163 ,40.08892,-34.0881782
J02553573+2652208,20111210,0.8416458274081943,2.294606459416776,1.8686525436434431,2.5235642120432877,1.1356567125863388,1.4046131785343174,1.9397940987499784,6.250622975293926,3.743346868515639,43.736013729904045 ,44.0751059,26.9201103
J01123052-1659570,20111210,0.4003208917722245,0.8833668170904294,0.205103101635783,0.9633046510997483,0.20251665496854643,0.7892406303647956,0.6034313100096753,4.43851008097443,2.0037762494429225,47.384778546752926 ,18.2751604,-16.9327439
J04112712-4418097,20111210,0.8362161452340058,2.3612156285415034,0.8910094433399891,2.110908069817108,0.8507304459922851,1.2326921359627037,1.4676607931310144,2.074726183199406,1.5686056680368803,34.17310475144136 ,62.9636662,-44.2712216
J03015142-1635356,20111210,0.20254249487878415,1.3879168280205312,0.009799906055991264,1.2442315696180364,0.4583594115506126,0.7815247972057896,0.9895361987503216,3.282159064506132,2.0425708913248974,19.893481321220587 ,45.6003411,-16.5475114
J03015107-1635306,20111210,0.0605582653849098,0.9401394256919029,-0.45454607241368944,0.7686769328854,0.2477217915833475,0.5170821796841709,0.5269857754234963,3.6450787848124353,1.7781266164387113,21.034856921376704 ,45.598926,-16.5461492
J05421271-0527567,20111210,0.4412210161833194,1.1515327656219172,0.19340995929033344,0.6847053979008472,0.30801403459367893,0.4040333874554329,0.7549958031142306,3.609633022062839,1.533858581039405,59.24109207270302 ,85.6961597,-5.4569846
J04353618-2527347,20111210,1.0528047548763337,3.123917132950801,2.081060589665313,4.1127097378696655,1.7463524268827286,2.3188251241046354,2.176088645426042,5.719870973438919,4.57924149903706,51.49889557571273 ,69.0198534,-25.4391996
J01510405-0607047,20111210,0.4779453376935996,1.063431631969057,1.634543509369974,0.14596048833762443,-1.125795509512324,1.1781197066968299,0.5809600326510738,4.9050577281423795,2.5726296077518294,17.073582181528437 ,27.9157645,-6.0599434
J06022261-2019447],20111210,0.44462592120302646,1.0017966693907603,-0.4704643990458704,0.08356228905598598,0.155408692178904,-0.015854845564936625,0.39799742373605385,5.171501384364017,-2.053056856182819,-787.4661682766219 ,90.7180444,-20.329036
J03040452-2022433,20111210,0.3797043751942528,1.7768120218289054,0.8703620737143856,2.4101058709652046,0.8942842116622974,1.4909432444015336,1.3608275380537966,5.950406308687157,3.3086091126405175,64.95167611660993 ,46.1523545,-20.3369997
J02451431-4344102,20111210,0.6294357503003778,1.7531932402483579,1.118802610846096,3.0992545085077077,1.2484290539507348,1.7604253429807653,1.2712692834700148,5.602279864295438,3.3741859844756643,45.98460831311351 ,41.4225099,-43.6888304
J04351612-1606574,20111210,0.418746378473018,0.15079062450007244,-0.6195523585386795,1.2665022928803071,0.591999213968742,0.5390553351902588,-0.3873116446832649,3.983422595834872,0.8852728025822207,69.30770887471452 ,68.9488067,-16.0911442
J00464336-0424454,20111210,0.5151068859886189,1.841727277504935,1.9298729445755025,1.3791455353150857,-0.41665169391866597,1.7055136127762145,1.322391731627874,5.59183366604096,2.8789889022467987,30.504828848749455 ,11.8298711,-4.3489236
J01005643-0426561,20111210,0.6320466401360298,1.8461358841181308,2.1806400449393406,0.7515901115521757,-0.8902673842718745,1.5819175926745275,1.1724657874785025,4.682035135535301,2.8741637823569794,41.272529130660565 ,15.3880117,-4.3830279
J06303881-0205537,20111210,0.2897821303051454,2.4645873432672825,0.26383959488095277,2.342267113600023,1.0290677564642614,1.294017892039557,0.9148633212805454,6.659270296499505,3.0617418757052954,101.77968764992907 ,97.8091986,-2.1076913
J06192078-0639215,20111210,0.84414623484664,2.529662240445591,1.4251511044987766,2.4805327868272693,1.0288358117726695,1.453355081337389,1.9239276063469803,4.712800066822609,3.3849151089084852,29.840874203286944 ,94.978636,-6.6634878
J05470907-0512106,20111210,0.49221444258019176,1.676305500947785,0.7548283991380721,1.6451396475761115,0.6537246822457596,0.9943778735828578,1.3376491454102521,4.818758858479587,2.6982015230961687,-42.73463487113471 ,86.9338666,-5.2015278
J05360007-0738580,20111210,0.7653490854210692,2.7489098475883154,1.6410931950210155,2.2031888217395252,0.8513045078972961,1.4012119913460297,2.0634412621795537,7.813130777173855,4.226847464999432,41.67625012152912 ,84.14158,-7.6408852
J04402325-0530082,20111211,0.662005249463675,0.17681463457753763,-0.7082331984803647,1.3964907860425286,0.4722242023187579,0.7744124923863726,-0.41316081339698507,6.82656916556393,1.770992340300881,47.81861755570993 ,70.2430922,-5.4797001
J01392170-3936088,20111211,0.30274329739084815,0.8478308669259331,0.3986064637730094,1.1681112529867121,0.49777357362242347,0.6732429389339724,0.6271790209101109,5.671694747546818,2.3355395894862996,46.886877229072 ,24.9714242,-39.5439598
J03150093+0103083,20111211,1.4821232029487927,3.7602842039727973,2.4004850610516573,2.415606153170193,1.1621831694557547,1.29392371852135,2.8003137113010363,2.0682510278687554,2.3113920094560667,105.81828133579374 ,48.9067082,1.0960087
J03472333-0158195,20111211,1.3081945602343221,4.117672268000585,2.9967135456550675,2.99716961504839,1.3645469222661215,1.687725688821652,3.0055344294735082,5.599081784999802,4.991927106953144,36.8683751156703 ,56.9968688,-1.9368034
J01494268-3319201,20111211,0.5348375078275089,1.5953233235925128,0.7264976727831852,1.8889498894034227,0.8273138765558736,1.03854505115708,0.9340899172642837,7.031628451397488,2.890441926873283,53.03022928255564 ,27.5619078,-33.2640359
J01243060-3355014,20111211,0.4087870813385418,1.4460648615126688,0.5078706916752733,1.906106399477839,0.8514300878900276,1.0241239326212812,0.8858596651885907,5.611711376480423,3.4186256575145446,34.386980041939275 ,21.2653767,-33.8568861
J07061392-0942117,20111211,0.33197331308743294,1.8495396897072864,-0.4693265058110614,1.6884187952805654,0.6864928616341942,1.0154509820296187,1.27772596276506,4.519252319401233,2.836084548416566,6.235236293873317 ,106.687399,-9.731203
J01525159-4805413,20111211,0.32022681455940705,1.3059596217613951,0.38737212739714505,2.557654277025705,0.9557356182092067,1.5462033565840438,1.1309775871305248,5.943261666020664,3.1335798156949233,27.151149723001556 ,28.3304702,-48.0379292
J05373975-6154442,20111211,0.9978358215442668,2.0206994607572764,0.30566769912202485,2.218033569577312,0.8472674613655008,1.3494819270012184,1.0444535615715902,5.853806991313018,2.8521008631261306,39.6870059422932 ,84.4471609,-61.9040789
J00043643-4044020,20111211,0.8274848745389227,1.4543526490327006,1.2321845064257595,1.142812266816698,0.48292013990592947,0.7191736303429105,1.7386876983405377,5.434973352233269,3.870948970769264,40.12834628565513 ,1.3060006,-40.6739041
J06571773-1446382,20111211,0.0646929664835898,1.0176735062670066,-0.9539616304813385,0.9749414707151972,0.432694474485635,0.5147428706211448,0.7643751307659007,4.246250813078751,2.1480529018665955,-36.013464697250875 ,104.4586506,-14.7938816
J01474254-4836055,20111211,0.6332007680339116,1.8740409411310006,0.7631590978324261,2.6765547488536656,1.0260665546193788,1.6183127889987845,1.531624481424128,4.5062448926388265,3.4041262400069736,26.704776595009196 ,27.0481266,-48.543989
J03094227+0606089,20111211,0.6371946608715469,1.2508637314785507,0.2217674804775212,1.0111408568772167,0.475438358453726,0.5253083968251628,0.5856774969809349,4.52382003657966,2.137930446848718,42.47247260831914 ,47.5831956,6.1468768
J01505322-3424388,20111211,1.032063242426548,3.113733032718231,1.9348111411515887,3.3332461428593945,1.437017875953773,1.882733639393567,2.2143300299394166,5.371597690236866,3.7505045507010415,59.667305399073705 ,27.8556045,-34.3541943
J23540109-3316242,20111211,0.8200360730520552,1.8954245117279198,2.194532188142575,2.9073016124457496,1.133250299373323,1.7528190292021666,1.9401384257010292,5.442313534551358,3.9907976581209352,29.445158082739805 ,358.6563918,-33.2097981
J03504432-0605400,20111211,0.5082846384151516,1.674240275327307,0.8768227615735544,2.2759921125929967,0.91961032524595,1.3488389455005205,1.2426053340494767,4.394234325986782,2.995628740092883,4.20475013007563 ,57.8274878,-6.0644777
J18023859+0428526,20120419,0.9867916583940817,3.3044034800986224,2.0255493816681467,3.0549820306270834,1.3915453365965718,1.645610799652284,2.5712985052186648,2.581314090221143,2.5156101004118376,-83.31178111474124 ,270.8103762,4.4802661
J19050737-5425149,20120419,0.13419896495216913,-0.11111398167999371,-0.689885983925391,0.4087736410840982,0.15290270668402162,0.17624360169987455,-0.009293457478115538,4.704319651542478,1.528913167462466,-14.614628420160892 ,286.5295731,-54.400168
J19050992-5425079,20120419,0.870943612458281,3.313444067804419,1.596669933926458,3.0364427556925753,1.254590941488583,1.7673460227034363,2.09094550290086,4.668626523069306,3.5225221218582057,-22.291489733073472 ,286.5410196,-54.398266
J18495119-5726486,20120419,0.7122684009311362,2.1106181715142314,1.0566895912403422,2.6984614013411594,1.0568160165449971,1.6363163988746103,1.7482316263415592,5.984330943726658,3.7166903348938476,106.4363521253499 ,282.7216829,-57.4303846
J20103444+0632140,20120630,1.0052893846189972,2.7250986061167293,1.421153852327149,2.9405631873213993,1.19718931826156,1.6694519111609762,1.767844871298766,5.548466782093689,3.7956157984458505,-97.4856567240136 ,302.7942835,6.575478
J22134277-1741081,20120630,0.48012526406778777,1.4647220360615094,0.4474412684746305,1.217139621890912,0.5713168372639326,0.6796954361528559,1.1355973564103732,3.8787104458058974,2.2703405720058676,-8.493003112674012 ,333.5989232,-17.6261152
J17421079-0848598,20120630,0.6744887273202747,2.1535376248966576,1.4059929767852628,2.8798379357630632,1.2828438995476703,1.5663184931129406,1.7943218087635693,2.9983291030620087,2.292181651748279,-67.92415434134205 ,265.7098942,-8.8234447
J19572380-1233499,20120630,1.1188985798164304,1.192924986058266,1.7432607367775783,3.4400484018549555,2.9116174345406787,0.665944150524783,-0.4425189396549346,7.6716911624987585,3.1077108500268213,3.3313373393567183 ,299.5204892,-12.5304911
J22345363-0104581,20120630,0.5357300773444358,1.4337345755641133,0.486748431547482,2.2910262510383133,0.8985846851323122,1.3713649288055734,1.2319209736627288,5.201952611590323,3.1414371547042355,1.9570397028249598 ,338.8857189,-1.0162146
J22480446-2422075,20120630,0.5060330613109798,1.6461303133364795,-1.280388582806288,1.1876742088754684,0.6947024204290189,0.5346686051467886,1.0367454497561956,6.535205866628875,3.015564911802905,28.177172023399525 ,342.1873842,-24.3054592
J17195815-0553043E,20120630,0.6480759167529055,1.5504023874465525,0.8942251294166292,2.4339808911251404,1.0837584488067924,1.3036182248326216,1.1956529003563565,4.356091701987236,2.704297536985485,-22.80971292781783 ,260.1572857,-5.8972938
J12055065-1852304,20120630,-1.1835537409542871,13.474706628334038,5.257290334100624,4.941481568906171,2.0675257220116885,2.872579996299309,4.113264456146626,5.084292285195112,4.625400501609377,-34.96417918826613 ,181.6191902,-18.9471589
J18484491-0233452,20120630,1.5073951378531851,2.6224424166061766,1.2323289359866059,1.7634318522441534,0.8963326170497669,0.9121443150059774,1.8211004034480338,2.3681977319336136,2.0051682631243235,19.45722950882066 ,282.3437101,-2.549563
J21114955-4336489,20120630,1.055089790326368,2.8560931595448134,1.7083146467960164,3.0136361579103115,1.2887181525942724,1.7084026757388964,2.1381765686553953,3.9682673928203442,3.0897436494005763,29.11778056530037 ,318.1634665,-43.5661848
J15431836-2015310,20120630,0.9553972495598906,2.863155117147029,1.4417409990052672,2.2349394371418616,0.983652283832286,1.2578972666045494,1.947412278796492,2.6396751641954133,2.2070833510874244,-4.9329680091705255 ,236.0036698,-20.3024766
J17462934-0842362,20120630,0.8157096221139392,1.7286250640157683,0.960013209035965,2.0103765946665915,0.8861149426223943,1.1046698672182977,1.295062460985371,4.603377468337969,3.1567765315223344,-3.2855481864220435 ,266.7898165,-8.7155812
J21304763-4042290,20120630,0.5647735910498509,1.4830883814387645,0.7671280024074316,1.8499638631960995,0.8698949820088465,0.9910477362168004,1.374861771950392,2.778150168693265,1.9899430806495872,1.8944956984130785 ,322.8997814,-40.6590762
J22464232+1210214,20120630,1.0771130759804883,3.1204574670075003,2.136048196845141,2.9564315203559715,1.230794955760119,1.7341856937409172,2.445314921937836,4.118117028052974,3.455119481586318,4.510460771405669 ,341.8288399,12.2378807
J15173663+1517138,20120630,0.5288064859932604,1.1861580722345735,0.5941616728152695,1.674573369469504,0.766285681131787,0.8722825723217711,0.8117851882191175,5.028026005453022,2.519009894095051,28.30442787959572 ,213.49298,0.325588
J17195815-0553043W,20120630,0.8237472699581229,2.2914601093768434,1.4842104147967288,2.7610279917889153,1.1822080405127713,1.5472962818113292,1.6673587916387038,4.140408808275918,3.0861834104344776,-20.444610849351978 ,260.1567862,-5.8977666
J12505265-2121136,20120630,-2.7380780394043347,5.8461873034491205,-0.6592585339912176,1.2476153119009208,0.6420218601594179,0.5056358306828214,-0.2614439608806564,5.451309296161496,1.4855231721242865,19.77769614287569 ,192.8847529,-21.4240386
J13280125-0502137,20120630,0.9211726620631067,2.2995225834422253,1.307715956908571,2.8425477164403556,1.1048445464323842,1.6948395120555162,1.612049050516623,4.976032716555412,3.4668384007946123,-7.1258192197355426 ,202.1642031,-5.1018044
J21362532-4401005,20120630,0.4549161053448437,1.6448533299193335,0.7631050174942654,2.1702963195629477,0.898659138728408,1.2627355570871241,1.1265032529155488,6.752311925210962,3.4387792340918306,32.51898198132459 ,324.3085658,-43.9636715
J12054662-1849315,20120630,0.15261611919243157,7.411459470875554,0.25873131950532813,1.9802340853369231,0.902353171143827,1.0382737674566518,0.6620825235688759,5.798815721912284,2.601777846185312,-3.1698175650707343 ,181.6023481,-18.8972984
J16352464-2718533,20120630,0.37059908077115455,1.888021959796236,0.9306512661184224,2.1524235462302403,0.9478272794047276,1.2023375973793973,1.5067866307549227,3.5848803314567252,2.5222089328757527,-5.380702407681371 ,249.0433872,-27.3448166
J19320809-1119573,20120630,0.6834643656353996,2.464496853202694,2.41511911789454,5.10163242516199,4.115890331339397,1.163956886049415,0.370888656119327,7.487135552170697,6.862098290187944,-33.74465009382337 ,293.2053936,-11.304527
J21270455-3844505,20120630,0.43932627483173825,1.654747177680522,0.7480031356747051,2.0162076721624214,0.8891170410471189,1.1342228248396502,1.3954848016667114,4.054477725830757,2.359901651673851,-24.096716659434072 ,321.9671488,-38.6969617
J18364671-0521536,20120630,-2.482915749392581,1.7133476807039676,-11.196923489389869,0.5653343011812593,0.4143825140641604,-0.3515720262714752,1.4723154506329488,3.393194798847439,-0.36568529991154874,-347.79051837019625 ,279.3584045,-5.3525966
J22230696-1736250,20120630,0.5090344265154667,1.3610928814873147,0.4577175921091152,1.4263438442300864,0.5701542670225568,0.8588209533622384,0.994052962779856,7.639081878566589,3.300914652132467,12.93897052889529 ,335.9462693,-17.5482303
J22462632-0639259,20120630,0.24667165661807333,0.8246273654646746,-0.027771121337826502,1.8849412120418132,0.7011804928865781,1.1617624023783277,0.7938563884020653,5.886001382988063,2.892024810396442,11.992362224356036 ,341.7722963,-6.5923922
J17051383-0505385,20120630,1.5015405362399792,4.166214977478764,3.1187027047599574,3.7209960826841457,1.6252656341821208,2.0948707886871585,3.1483446623054734,3.3234042317458607,3.0981113870474672,56.765372339085836 ,256.4682563,-5.1140927
J23071524-2307533,20120630,0.739247323308734,2.2254738536482,-0.4438996941034891,2.2130982183406673,1.1405270958747566,1.1136708138050047,1.7024841934082424,6.327901107078592,3.4981996475618717,39.15796360910961 ,346.978568,-23.0669883
J23365227-3628518,20120630,-0.3370525974240939,1.5343869618375274,-1.349056826007632,0.9981922902068774,0.6729521277217956,0.3900396231464871,1.0544562813109757,5.334334687678567,1.9983162259563785,38.66638772994697 ,354.3882301,-36.4140758
J18094366-0219347,20120630,1.3433999951219164,0.8053602218990084,0.1925373649775319,0.8931935438750189,0.41518706460409294,0.49168362108258445,0.44985773850685923,4.999101032999189,2.060804938655571,55.749953130339 ,272.5918313,-2.3248983
J12095813-4611323,20120630,1.011937923271895,2.892837520766275,1.5468159274561757,3.2485711959028154,1.2949599691798355,1.912127656768038,1.9202072551979117,5.987887430794862,4.083374606527219,4.808967604336795 ,182.6553935,-46.2637527
J22004712-0337073,20120701,1.0000569230778829,2.90949262302279,2.0009194428553903,3.8084519779624584,1.5123567230945558,2.2119836913034883,2.098388093525706,4.407099764916216,3.4187140746507376,2.4880314713135743 ,330.3504168,-3.560624
J19470449-7105334,20120701,0.5741295608840606,2.9157441520899616,2.1407844403891696,4.671852071609876,1.9011447601586648,2.656418921665089,1.8989073133267262,4.869852924532563,3.3258647574193265,-19.285943438334755 ,297.1132859,-71.0640377
J15115065-1014178,20120701,0.5459693096149003,1.4282577589350642,0.6450151142744796,1.5710699385551579,0.6296935482697563,0.965082110358547,1.2615419204358271,3.7223361916759643,2.4648750893990172,18.89195877738114 ,228.1203671,-10.2862906
J14475520-0309357,20120701,0.6575259347079643,2.1950221559974743,1.0954332038851033,2.361479537772979,1.0071808905733073,1.322416097776292,1.6461783590464936,1.8398107084105537,2.0671432405338956,-43.814417183696726 ,222.1335113,-3.2107899
J14275607-0022310,20120701,0.8589756713156691,2.2086082653150707,0.9665749146450908,3.103007874899176,1.2336167599135655,1.8006569474243828,1.5019540577414683,6.552031654041327,4.347796839091936,5.746729622980861 ,217.1366715,-0.4303176
J11453443-2021124,20120701,1.2608682921172218,3.9279999703221264,2.600432338082027,3.953379555007285,1.6288807038133055,2.300961452298684,2.7567320630411305,4.702265810789434,4.239942934439796,13.612849016687582 ,176.5507859,-20.4234007
J13300285-0842251,20120701,0.5365361824545494,1.6172337901260698,0.7816901089324778,3.0260540108318814,1.1596987797514826,1.8002742447407778,1.317079127171728,4.421974304486715,2.909898027981531,27.519751050510358 ,202.6668178,-8.7732259
J18261976-6547410,20120701,0.5935400508812525,1.5825549032548114,0.2109741545191073,0.8390104750844267,0.26788299034800367,0.5997983148550328,0.915468932367047,5.674605470044236,2.7932434746090937,30.994464206586308 ,276.8964543,-65.7891422
J21311859-0947263,20120701,-0.7139806152936856,2.0012340523406107,0.22110382813236767,2.424121196099433,0.8358051518960703,1.5371100744364457,1.4450962750752834,6.813985732967728,3.4699971771147062,-39.363508965055885 ,322.9922626,-9.7361802
J11453539-2021049,20120701,0.508115416047745,0.6848395559968501,-0.3818394473163249,1.0792952710782053,0.3774508084441388,0.644088574207574,0.0664351373501521,5.3797874499490295,1.6218291771647064,15.174094029495322 ,176.5539542,-20.4211231
J23503159-0933320,20120701,0.666516980156642,2.4515299193022178,1.2124450682581251,3.712135736827256,1.3749593498477553,2.266237568918932,1.835623830057803,7.06471280834245,3.93086679596419,-3.692753510196998 ,357.7875523,-9.4922731
J20194981-5816431,20120701,-0.49544137148789613,0.7050849562867508,0.1031700741768142,2.684926850880231,1.1395015953905399,1.393912989054143,-0.028558800470398438,4.730148771428373,1.612128458580241,7.111761438855249 ,305.2086101,-58.2406864
J18430697-5436481,20120701,0.22239590067852585,2.1840389434096616,1.5531402225829543,3.6955367942261645,1.4555718370804929,2.1668307784175025,1.2076421155773536,7.4507639355237,3.689360374584465,21.273290386239616 ,281.032898,-54.6025908
J23530684-0829462,20120701,1.0080546339941026,2.6414474517195354,1.3583468342861293,3.694753449544592,1.3941351184620923,2.2521401049100653,2.0792615892661117,5.624265578388278,3.9563204424350964,31.23178945333841 ,358.4312998,-8.427274
J20553771-1402078,20120701,-0.4474710025258358,2.044235865916725,0.3281566257980693,2.630325696166013,0.8766901190597778,1.6980441272410012,1.4136663855965534,4.623211778831785,2.664314013324693,31.81287640748924 ,314.0787428,-13.9903526
J21592057-0405337,20120701,0.9973710111391884,2.318117893760454,1.653795828346159,3.728956811805715,1.4251654938801288,2.2203702982351583,1.7447375609620184,5.597076215639634,3.952946055319083,-4.565217906171923 ,329.9936463,-4.0339234
J23530812-0829165,20120701,0.3689362375697378,1.1548400827064462,-0.04056243477060114,2.066830930362785,0.6905044970643912,1.3077931046308786,0.7874261647536991,5.728431253250705,2.5386415062362135,31.954283442918804 ,358.4367985,-8.4187738
J11582644-4155034,20120701,0.3195568995083474,1.4795633509343007,0.3610518212254914,1.5478106347526592,0.5771496931746793,0.9671774841017553,1.0460593039944641,2.7950434145194416,1.4360755467539281,302.10648684902156 ,179.7661597,-41.9900871
J14211512-0107199,20120701,0.8972005840215499,2.0824190434600642,1.194813457399413,2.711577535010688,1.0635859362574858,1.6193355446035944,1.5735246689361324,5.081210367870645,3.1717265790935425,16.45353485751782 ,215.4676876,-1.1811817
J21585260-0420184,20120701,0.29779810833934994,1.2949134878426132,0.5394290852222459,2.202631964886205,0.839197774570935,1.316677657482781,0.9101333908073777,4.211084552482511,2.307853494220271,-42.4960294514004 ,329.8749311,-4.2796625
J21565513-0154100,20120701,0.516546902635643,1.155216336675422,0.6892146903907902,2.3465483006322074,0.9172955754055827,1.377187455357907,0.8407670737834306,3.517360942394717,1.5455583878117043,-37.21168388021346 ,329.388371,-1.8424058
J15274506-0901319,20120701,0.5273005381419759,1.2403131397919007,0.8267053908736304,2.2262928834847866,0.8629180813171866,1.3309433770977588,1.030437472389546,6.921709100782933,3.305465469967938,31.132447455899666 ,232.0999419,-9.0703941
J18264683-6542400,20120701,0.2619135581755861,0.3157146305896377,-0.6989059514364668,-0.08668411231447627,-0.10717510318225217,-0.0062046031295101,-0.011011256941296177,4.49179150000914,1.4099623591019155,15.444052771524728 ,277.0090635,-65.7044505
J13201255-0140407,20120701,1.0374310531450137,2.5926155568038225,1.4825343714872414,3.9381620245915148,1.5716249435015766,2.2790399391041407,1.9341282630836807,4.451193461447611,3.553432792253167,55.373903851009985 ,200.2099672,-1.7439502
J14345742-0224587,20120701,0.883630721139165,2.1711577092025576,1.2946572403775558,2.7470810743743863,1.0978305177507126,1.6121864973040942,1.5568034525792973,4.506353354692404,2.9672730321479954,29.837861668981546 ,218.8955303,-2.4720055
J18495119-5726486,20120701,0.6441551806257293,2.615433729014899,2.006258171799659,4.288262568435762,1.729454821755751,2.463620916931725,1.5348816701467065,6.22560191631148,3.818301834436807,102.48708171153366 ,282.7240298,-57.4332256
J15365868-1408006,20120701,0.8457694993512019,2.5782070310076493,1.5430591723363158,3.196061270669936,1.2733440954160231,1.906653368315021,1.8798908178269906,5.842658753716737,4.155248321269719,15.332734026072714 ,234.4100888,-14.1779021
J23175034-4818476,20120702,0.9641287447179605,2.6518982901464443,1.539483529757316,3.7857527656763597,1.3864893192671854,2.3115759396346505,1.8073555178866287,4.283756533493231,3.3996539035641744,48.03115699056536 ,349.6357777,-48.2492732
J19572380-1233499,20120702,0.8238621188984971,1.1995878265147704,0.30797886509275607,0.44954805824095345,0.19381308962326668,0.27748590756940805,0.5920042441569262,5.244837207807205,2.0439623391502595,4.52687642377672 ,299.5134053,-12.5358725
J21485019-1357107,20120702,0.4152596702601413,0.6304260785512017,-0.14877071180769003,0.4017863811277012,0.23839427039958067,0.16343018477153504,0.27260896263284845,6.089376075293323,2.415538291893098,-1.4647413547900163 ,327.370235,-13.8956554
J11244021+2330577,20120702,0.803896271323539,1.1821606872111607,0.42998017712284753,2.1130235671134567,0.7442509245569837,1.2862536082108424,0.459087870481291,5.903420622416071,2.499071674115905,10.578540579078282 ,171.3269714,23.4480408
J16524739-0703539,20120702,0.5382382062888293,0.23939054183585456,-0.21988099183982937,1.503340402388125,0.5817735684162879,0.8241714707359433,0.30473898972208213,4.802258653499049,1.3029065789645666,26.628159471414353 ,253.3589322,-7.0852449
J19510058+1024488,20120702,1.0424615546340197,2.8491652367626656,1.7940619415153551,3.4790590172777636,1.3883842010836145,2.055710921317596,2.001155481145151,5.447031329145567,3.9055420565069645,16.80360435131388 ,297.8922542,10.4438016
J13280157-0502066,20120702,0.8545325628037216,-3.17597701192196,1.8514949601994788,-0.23118683077232555,-0.18926088339164715,0.04335003377809721,3.891198783121333,5.573771085072952,2.2404170156273686,3.8739000864515143 ,202.1651482,-5.0996099
J00442070+0907345,20120702,1.0376407566733492,2.3886041679141323,1.5353832060188575,3.343563869280034,1.3233163898935896,1.9784995550873488,1.7201503107170577,5.933038925269185,3.574934597810839,26.0936462763574 ,11.2419591,9.1959819
J15353233-0846466,20120702,0.3842561023038148,0.5479472214169745,0.6717277163004445,1.3184762234587941,0.5309201644677407,0.7887229225988035,0.7494015245242356,4.63458432346882,2.2186515879681137,46.79014531089854 ,234.0444985,-8.8225458
J13280125-0502137,20120702,1.1312246903556935,-1.6190006383541309,1.6745166355947076,1.899511385414382,0.9444343822287256,1.1127271179807194,4.9682233479107385,4.952404698068723,3.577263110225469,2.5342792732468378 ,202.1635238,-5.1013607
J20501615-3424424,20120702,0.6541274641938055,1.4095200079487338,0.791029766855218,1.6017372865648734,0.6505406573675426,0.9377447967281627,1.0252784295950077,5.322924541867437,3.017825311220077,-17.314781248740324 ,312.7609337,-34.3689327
J18135905+0718234,20120702,1.5613899888969356,4.439744021463477,3.080319550772558,3.7151489725570475,1.5206572457836498,2.189437114975363,2.925788579585099,4.433197515603368,3.8949233621576305,17.883655774941754 ,273.6367162,7.3090438
J20043077-2342018,20120702,0.8093436337865667,2.1677915834974515,1.285417728970725,2.221966817863111,0.9033170888901905,1.3153638463895736,1.5034493112305853,5.609229825366711,3.790817095717676,6.044383634033713 ,301.3073498,-23.6692765
J18135931+0718266,20120702,0.4011241559911685,2.0468282461571214,0.6656203585436842,1.4992833435267898,0.6630987317457533,0.878060419224631,0.9707315468670364,4.94869471903338,2.6697358559369113,23.405893489680107 ,273.6381725,7.3106844
J15353020-0846483,20120702,2.947753167643967,3.3443401605388714,2.802739003952417,5.305540003687547,2.21095991324608,2.987268720071154,1.86957829725434,6.113575986467064,3.5732798574179268,43.10148065474556 ,234.035874,-8.8240265
J12085540+2147316,20120702,1.7804094986550734,4.480057580981594,3.246445670544723,4.3122482562719195,1.7221381444164992,2.5270120178442825,3.0865576352131265,2.815351909066065,2.4202261942982677,6.815722845894354 ,182.3841703,21.7231752
J01081230+0027563,20120702,0.4928563793218701,1.7389768602420066,0.928679920966988,3.9133785240720917,1.5893298029151461,2.2055741165511336,1.2799473196945403,6.247536758599981,3.1239676581470786,-15.764649663672024 ,17.2018822,0.5324365
J11243970+2330599,20120702,1.5256507942621933,3.6668017478623156,2.7069068540191124,4.479838083296341,1.7425195232686,2.6655106211757476,2.5103792431599015,5.5034517630956765,4.722069287304885,13.16166499071549 ,171.3249726,23.4487356
J00454435-4732567,20120702,0.73597042017345,2.1001290984708545,1.1902520938049133,3.3635046780147433,1.1989247759254047,2.065462016719261,1.5226404778870821,5.101802396439179,3.4416770801901353,-5.552418212396262 ,11.5813385,-47.48049
J14563857-5059174,20120702,0.8728220577966097,2.374707287281083,1.7049580006029215,2.902551488698148,1.1193002629141064,1.7724434414868024,1.8313845035559626,6.294152467982147,3.7253792615329804,-4.241472197918483 ,224.3787122,-51.0414046
J21485029-1356353,20120702,0.7462241660532343,2.013240868551468,0.9673668562845026,1.6263987108048663,0.722287904915831,0.9151471739867527,1.4261602965917002,5.8373064650389885,3.5052861750432345,29.524361266944165 ,327.3711868,-13.8866548
J19445376-2337591,20120702,0.35166367561221623,1.362680596936591,0.7348202392166627,1.5695749419388243,0.6793971377247396,0.8823737534723984,0.9825321856814099,5.458228147055334,3.026492959734542,-21.726983953388405 ,296.4049796,-23.6064108
J22285440-1325178,20120702,0.47877244437506233,0.25744071883690495,-0.34027630287851707,-0.10348317909676222,-0.0052111899991050745,-0.1239098445085026,0.08078568237124116,3.9056138786403882,0.8016082446450422,9.703936433896583 ,337.383223,-13.3636195
J16524713-0703517,20120702,1.2044043284203658,3.3947434537955297,2.3046753489891314,3.7529955542618465,1.5782743308293312,2.1385731553041785,2.4749738660298095,4.403111286473029,3.7133063318387616,26.95571739509895 ,253.3581404,-7.0851069
J06331209+0527531,20121227,1.940522706586553,5.101290740505021,3.684921442282535,5.3405750775851,2.1041621939431527,3.199754488985072,3.5196137357721633,6.611633767288701,5.264664795567767,11.673776012018598 ,98.4683926,5.4535746
J06171064+0507024,20121227,0.9348343538845438,2.560169828433613,1.386700955271547,3.4105940357456426,1.3466037140452012,1.9928714992604069,1.7579864557758187,5.043722960766345,3.394731877863134,7.644468342471387 ,94.4613849,5.1120971
J10424135-2416050,20121227,0.25884182311492515,0.451994238912652,-0.25800649305244816,1.565664017099697,0.49030918446611993,0.9354200791349322,-0.061801674260960594,4.147802167147253,1.072969351648041,-32.43809192872907 ,160.825631,-24.333879
J10374532-2746388,20121227,0.5602002647800884,1.8590923969248738,1.2711965896390027,2.5901993959399268,0.9351545502491472,1.6220909729940036,1.3258219066100603,6.600738392395462,3.4951133399213408,31.862625187623014 ,159.5877544,-27.8455988
J07285137-3014490,20121227,1.9407786795957682,5.389387823420367,3.6431731363717073,3.950328565931326,1.5051094449521563,2.4677761631258175,3.517177463252517,5.630195496198554,5.496820653239328,54.8565633507016 ,112.3377769,-30.2787311
J10463327-2435111,20121227,0.8518750194728824,1.9498362162645027,1.27569820235294,2.982871931344897,1.1389848536513854,1.7618025297301,1.3745302174623375,3.7813189645523106,2.2610090858818004,6.517069927367214 ,161.7948765,-24.6525501
J07212226-2820348,20121227,1.9484603760523855,3.5709978285150554,1.9880883055703626,3.1190092321776173,1.600130737095515,1.7258029019391952,3.2226524568937007,3.7314075590135785,3.5394893574424797,25.481181317452936 ,110.4701644,-28.3671463
J04251652+1618086,20121228,0.7541753131710311,2.0535078408445298,0.9935519802819484,2.974468624580261,1.100849934417372,1.7823183472161246,1.2173298325514892,6.388357212912212,3.647386036334762,55.9569957594 ,66.4993652,16.3322979
J08415977-0134083,20121228,1.0845600714826926,3.0508384951010283,2.1848329933663337,3.0625439465975752,1.2178949453697376,1.8031524856527823,2.017415913125628,3.908883021434458,3.0910443456358307,171.38732099195713 ,130.6560257,-1.615663
J04082667+1211304,20121228,2.98170883034363,8.042554256286138,5.5984694410979365,4.800195746672507,1.8254102021416916,2.9647431097782193,4.1866963703107505,4.66392605835226,4.938599482698919,53.93533245802979 ,62.2856795,12.2246403
J04235666+1838201,20121228,0.7422250717426274,1.9212089684724571,1.0062255312581674,2.979039036572668,1.1101354315215728,1.794824324175046,1.3623665938386018,5.994769096543494,3.477945345002273,53.923278917756214 ,66.1698217,18.6698191
J08193570-4237008,20121228,1.8735489342553056,3.7127150171906624,1.3996896863210089,1.5283512571778386,0.9424008133836359,0.8875894138940652,3.6557934507032184,3.301511384238858,3.6138489104026923,40.56323518345315 ,125.0114875,-42.6609779
J03222810+2709219,20121228,2.730052480813949,7.346877702279046,5.569104638702201,4.903225657128427,1.8330540752004985,3.061399203872811,4.293329415440907,5.308490651156538,5.2174740969779965,45.37512983667848 ,50.809496,27.204947
J08533619-0329321,20121228,0.8551687833438386,-0.14916526973006833,-1.1711880319620334,1.4088064965240903,0.6892148187120322,0.5097987152643799,-0.8037613621936944,5.847409406329031,1.1571779462113636,29.371222828718047 ,133.5569928,-3.5435217
J07324858-4912430,20121228,2.0351392821423113,3.755950227374234,1.118242042967066,2.2753573025237044,0.9067077005153734,1.6494856094214363,4.270882474208561,2.8233682310454378,2.6274959232303,60.16123376960279 ,113.2944345,-49.2431221
J08490225+0329470,20121228,0.7990855823083138,1.7624111259465185,1.196144404235353,2.475217214158937,1.148284456447151,1.2771740072935185,1.3189147584907657,5.2874467127491975,3.384693267483584,21.08765139851777 ,132.4242962,3.4495837
J07401183-4257406,20121228,0.4528817699375257,1.4545547088631126,0.57806159783276,1.7405901151854066,0.5849241201566909,1.1040640036496225,0.8662153638625423,6.07614466146937,3.0609304680585643,44.4950223781317 ,115.1523395,-42.9927793
J04173224+1656591,20121228,0.4595632061349547,0.9285982108239804,0.011063477442149527,2.132271875293493,0.7263248823843773,1.2939439709065568,0.46184218182897513,6.38624217581043,2.3259404438661053,51.228817992375625 ,64.5670834,16.9836268
J07171706-0501031,20121228,0.45859317600741223,1.670841392743504,0.6598960243641152,2.772204330333201,1.1488860294482692,1.5700429920527819,1.196904376772713,4.748592729272116,3.2228060737911193,28.507959279182348 ,109.4788828,-5.0424296
J05581716-0438012,20121228,0.3713856441190852,1.2291783732493242,0.34849711607875,2.4915827113369264,0.9270355952319176,1.470179956036084,0.8037289474119026,4.4449599559161115,1.912685871370039,160.04167497954717 ,89.7275671,-4.6337772
J10145184-4709244,20121229,0.7623734366858022,1.7891104194963452,0.6155636513733078,2.1611771614337885,0.8667138963079353,1.2814040585712227,1.370069252206843,4.713044542951816,2.6822056391993945,47.896631887861346 ,153.844221,-47.2217045
J04230149+1513416,20121229,0.5562113787311395,1.6251073322902447,0.41786271321550056,2.8762296205337847,1.159478936644284,1.6512840064135528,1.2473819935522745,5.743311853724881,3.4130921784503334,53.73717190731826 ,65.936986,15.2596745
J04304258+1439416,20121229,0.41943573337178364,-0.9009109336896386,0.03843463508193551,2.853063170520876,1.9412934099495136,0.9119312267391856,0.2760810191936237,0.02784566696929147,-0.4216638731706731,-1684.808747971513 ,67.8572012,14.6900578
J04282241+1349219,20121229,0.7489361336590219,2.001736841893833,1.1132653017464702,4.256551891943406,1.7401140700897582,2.3732123886180028,1.3014180758263028,6.761565198611704,3.993884258514912,44.14229154538893 ,67.2710874,13.8508793
J04153367+1542226,20121229,3.111321861164531,8.016637058285049,5.272602566300479,4.767092845801113,1.864182231813914,2.886942145453876,3.9856301557489124,4.5287521607343795,4.7857688516716586,57.28005136826041 ,64.0710064,15.7391408
J08053691-0932377,20121229,0.7351015357439299,1.3374910420295774,0.7104457707801213,2.256883094890382,0.9443630986494506,1.2702909776240103,0.9770621008469815,5.091221857255427,2.7318391289984434,11.302469961247862 ,121.5597809,-9.5818748
J03222810+2709219,20121229,1.0289601667791552,2.574778897283974,2.025288105361032,3.7376076614994327,1.4295387178069188,2.2354399681523196,1.9254143082204331,6.7824455134335775,4.611932479847737,44.23836586257522 ,50.8270773,29.0236072
J04183382+1821529,20121229,-0.022549956067421065,-0.006492061296408072,-2.022503113848166,1.0838452095435651,0.6111739002110268,0.3202686466047713,-0.47513220975642595,2.30991582486932,1.1430462063943447,54.93021142915625 ,64.5368211,16.6107509
J04555445+0440164,20121229,1.589881596353546,4.611908325420121,3.438792872543596,5.317100260435532,2.1161364483889002,3.1333559118770786,3.5303917254581583,6.244633580592689,5.113960572190251,53.44554867245283 ,74.1441955,4.6896394
J08593169-4726097,20121229,1.1612071748164952,3.415234078234338,2.1791735838580433,3.278773747645834,1.3326578680935734,1.9200409343483988,2.399855808763001,3.910747498555919,3.360517801398328,6.241617397601621 ,134.991424,-47.4867703
J08380224-5855583,20121229,0.3383382909434618,0.3792792443961093,-0.848803373579794,0.9730782305885526,0.36466589772152724,0.49403868095457887,-0.1153190993020517,4.5394302813798495,1.3972569697631567,18.13344566260838 ,129.5858956,-58.9824332
J01230055-1257298NW,20121229,1.6961417920311124,4.364132408759646,3.6507076782014174,6.378062022646916,2.4255255386699615,3.800251001207041,3.1873403367954247,8.625409405966693,5.682138418138328,28.062402108830558 ,20.9134365,-12.8883039
J01230055-1257298SE,20121229,3.4377846190935144,8.697264072673134,6.209679256307276,6.90939143949274,2.684205010639001,4.140959613029293,4.606693072048679,7.214774076826085,5.880665443598706,50.0263390626908 ,20.9141864,-12.8880542
J03202921+0827161,20121230,2.8524173190315367,7.270433576059979,5.188926268777724,2.9418101712551454,1.307914702871331,1.724928756334382,3.4399356075204897,3.611417731938456,3.875887310744697,46.43600058238486 ,50.2950341,8.5042905
J04243151+1355430,20121230,0.7248044747323581,1.6063934748183162,0.8224440808527873,2.083872609024384,0.8633276542640358,1.2046926174695385,1.3321706444768138,6.096385857684707,3.628522720313293,54.93103097700677 ,66.3091799,13.9580561
J04382771+1600109,20121230,0.3682001918683217,0.9142245372986295,0.3830992612293287,2.1301143298585723,0.8900797710488566,1.1117852943698496,0.064208654388201,6.194363445216094,1.8907657379276726,63.37899697722054 ,69.7982222,16.0303647
J04231246+1542462,20121230,0.8954537156768688,2.3313935575184574,1.6771346760874009,3.5225570849927257,1.500512160780945,1.9455302558671734,1.4892311786435695,6.401575807727033,4.216012737873316,54.26972018125578 ,65.984175,15.7448489
J04272407+1407072,20121230,0.823335796005352,2.1412828910002433,1.3855299720185168,2.484249404861345,1.0512155910438366,1.4091887032785193,1.592395902291143,6.033849627528241,3.6444380116238064,54.96924254700323 ,67.0283356,14.1462788
J04205604+1451345,20121230,0.6328364802020213,1.6270076649375564,0.929834802327375,2.723666851017378,0.999358236761239,1.650612018010893,1.1411649043908951,6.130390345384093,3.644767015054568,53.95545365676267 ,65.4158328,14.8931684
J03481186+0708464,20121230,2.7975273608926776,7.581265420021296,5.540418282212953,4.2136313442151,1.8564827259350243,2.431788683801151,4.1819488974339665,4.7966103218214595,4.888924651635266,80.81620682916098 ,57.2226391,7.1891379
J04300417+1604079,20121230,0.13442796969446014,0.9694535358067458,0.5665933453556035,2.218670568059524,0.9756473591259254,1.1118803710835206,0.3549459609851423,6.228959461064305,2.1220128169033066,53.136690918816605 ,67.6986118,16.0974443